#node	identifier	x_position	y_position	color	annotation
ABCB6	9606.ENSP00000265316	0.5927692307692308	0.28249001331557927	rgb(255,0,0)	ATP-binding cassette sub-family B member 6, mitochondrial; Binds heme and porphyrins and functions in their ATP- dependent uptake into the mitochondria. Plays a crucial role in heme synthesis; Belongs to the ABC transporter superfamily. ABCB family. Heavy Metal importer (TC 3.A.1.210) subfamily.
AK7	9606.ENSP00000267584	0.6666153846153847	0.5892809587217045	rgb(255,175,101)	Adenylate kinase 7; Nucleoside monophosphate (NMP) kinase that catalyzes the reversible transfer of the terminal phosphate group between nucleoside triphosphates and monophosphates. Has highest activity toward AMP, and weaker activity toward dAMP, CMP and dCMP. Also displays broad nucleoside diphosphate kinase activity. Involved in maintaining ciliary structure and function.
ANKRD45	9606.ENSP00000331268	0.2826153846153846	0.45505992010652463	rgb(178,171,0)	Ankyrin repeat domain 45.
ARMC3	9606.ENSP00000298032	0.40076923076923077	0.253728362183755	rgb(187,255,101)	Armadillo repeat containing 3.
ARVCF	9606.ENSP00000263207	0.3343076923076923	0.6659786950732357	rgb(14,178,0)	Armadillo repeat protein deleted in velo-cardio-facial syndrome; Involved in protein-protein interactions at adherens junctions; Belongs to the beta-catenin family.
B9D1	9606.ENSP00000261499	0.3638461538461538	0.3507989347536618	rgb(101,255,163)	B9 domain-containing protein 1; Component of the tectonic-like complex, a complex localized at the transition zone of primary cilia and acting as a barrier that prevents diffusion of transmembrane proteins between the cilia and plasma membranes. Required for ciliogenesis and sonic hedgehog/SHH signaling (By similarity); Belongs to the B9D family.
BAD	9606.ENSP00000378040	0.7626153846153847	0.8481358189081226	rgb(0,178,157)	Bcl2-associated agonist of cell death; Promotes cell death. Successfully competes for the binding to Bcl-X(L), Bcl-2 and Bcl-W, thereby affecting the level of heterodimerization of these proteins with BAX. Can reverse the death repressor activity of Bcl-X(L), but not that of Bcl-2 (By similarity). Appears to act as a link between growth factor receptor signaling and the apoptotic pathways.
BAIAP3	9606.ENSP00000324510	0.4967692307692308	0.7714380825565913	rgb(101,199,255)	BAI1-associated protein 3; Functions in endosome to Golgi retrograde transport. In response to calcium influx, may interact with SNARE fusion receptors and membrane phospholipids to mediate endosome fusion with the trans- Golgi network. By promoting the recycling of secretory vesicle transmembrane proteins, it indirectly controls dense-core secretory vesicle biogenesis, maturation and their ability to mediate the constitutive and regulated secretion of neurotransmitters and hormones. May regulate behavior and food intake by controlling calcium-stimulated exocytosis of neurotransmitters [...] 
CAST	9606.ENSP00000422176	0.7847692307692309	0.17703062583222373	rgb(0,28,178)	Calpastatin; Specific inhibition of calpain (calcium-dependent cysteine protease). Plays a key role in postmortem tenderization of meat and have been proposed to be involved in muscle protein degradation in living tissue; Belongs to the protease inhibitor I27 (calpastatin) family.
CCDC170	9606.ENSP00000239374	0.651846153846154	0.7043275632490014	rgb(150,101,255)	Coiled-coil domain containing 170.
CFAP298	9606.ENSP00000290155	0.6887692307692308	0.253728362183755	rgb(239,117,117)	Cilia- and flagella-associated protein 298; Plays a role in motile cilium function, possibly by acting on outer dynein arm assembly. Seems to be important for initiation rather than maintenance of cilium motility (By similarity). Required for correct positioning of the cilium at the apical cell surface, suggesting an additional role in the planar cell polarity (PCP) pathway (By similarity). May suppress canonical Wnt signaling activity (By similarity); Belongs to the CFAP298 family.
CFAP52	9606.ENSP00000339449	0.2826153846153846	0.4071238348868176	rgb(239,124,117)	Cilia- and flagella-associated protein 52; May play a role in cell growth and/or survival. Belongs to the CFAP52 family.
CRB2	9606.ENSP00000362734	0.2530769230769231	0.6180426098535287	rgb(239,130,117)	Protein crumbs homolog 2; Apical polarity protein that plays a central role during the epithelial-to-mesenchymal transition (EMT) at gastrulation, when newly specified mesodermal cells move inside the embryo. Acts by promoting cell ingression, the process by which cells leave the epithelial epiblast and move inside the embryo to form a new tissue layer. The anisotropic distribution of CRB2 and MYH10/myosin-IIB at cell edges define which cells will ingress: cells with high apical CRB2 are probably extruded from the epiblast by neighboring cells with high levels of apical MYH10/myosin-II [...] 
CROCC2	9606.ENSP00000397968	0.4967692307692308	0.13868175765645807	rgb(239,137,117)	Ciliary rootlet coiled-coil, rootletin family member 2; Belongs to the rootletin family.
DGLUCY	9606.ENSP00000428263	0.20876923076923076	0.8768974700399468	rgb(239,144,117)	D-glutamate cyclase, mitochondrial; D-glutamate cyclase that converts D-glutamate to 5-oxo-D- proline.
DNAAF1	9606.ENSP00000367815	0.23830769230769233	0.7522636484687084	rgb(239,151,117)	Dynein assembly factor 1, axonemal; Cilium-specific protein required for the stability of the ciliary architecture. Plays a role in cytoplasmic preassembly of dynein arms. Involved in regulation of microtubule-based cilia and actin-based brush border microvilli.
DNAAF3	9606.ENSP00000436975	0.6887692307692308	0.10992010652463383	rgb(239,158,117)	Dynein assembly factor 3, axonemal; Required for the assembly of axonemal inner and outer dynein arms. Involved in preassembly of dyneins into complexes before their transport into cilia.
DNAH5	9606.ENSP00000265104	0.4967692307692308	0.28249001331557927	rgb(239,165,117)	Dynein heavy chain 5, axonemal; Force generating protein of respiratory cilia. Produces force towards the minus ends of microtubules. Dynein has ATPase activity; the force-producing power stroke is thought to occur on release of ADP. Required for structural and functional integrity of the cilia of ependymal cells lining the brain ventricles.
DNAH9	9606.ENSP00000262442	0.3416923076923077	0.30166444740346204	rgb(239,171,117)	Dynein heavy chain 9, axonemal; Force generating protein required for cilia beating in respiratory epithelia. Produces force towards the minus ends of microtubules. Dynein has ATPase activity; the force-producing power stroke is thought to occur on release of ADP.
DNAL1	9606.ENSP00000452037	0.7995384615384616	0.8960719041278296	rgb(239,178,117)	Dynein light chain 1, axonemal; Part of the multisubunit axonemal ATPase complexes that generate the force for cilia motility and govern beat frequency (By similarity). Component of the outer arm dynein (ODA). May be involved in a mechanosensory feedback mechanism controlling ODA activity based on external conformational cues by tethering the outer arm dynein heavy chain (DNAH5) to the microtubule within the axoneme (By similarity). Important for ciliary function in the airways and for the function of the cilia that produce the nodal flow essential for the determination of the left-rig [...] 
DPCD	9606.ENSP00000359170	0.4967692307692308	0.18661784287616512	rgb(239,185,117)	Protein DPCD; May play a role in the formation or function of ciliated cells.
DPP7	9606.ENSP00000360635	0.5927692307692308	0.18661784287616512	rgb(239,192,117)	Dipeptidyl peptidase 2; Plays an important role in the degradation of some oligopeptides.
DTHD1	9606.ENSP00000401597	0.5927692307692308	0.13868175765645807	rgb(239,199,117)	Death domain containing 1.
DYNC2H1	9606.ENSP00000497174	0.6767692307692309	0.3400133155792277	rgb(239,206,117)	Cytoplasmic dynein 2 heavy chain 1; May function as a motor for intraflagellar retrograde transport. Functions in cilia biogenesis. May play a role in transport between endoplasmic reticulum and Golgi or organization of the Golgi in cells (By similarity).
DYNC2LI1	9606.ENSP00000474032	0.6223076923076923	0.45865512649800266	rgb(239,219,117)	Cytoplasmic dynein 2 light intermediate chain 1; Required for correct intraflagellar transport (IFT), the bi- directional movement of particles required for the assembly, maintenance and functioning of primary cilia. Involved in the regulation of ciliary length.
EPPK1	9606.ENSP00000484472	0.29	0.10992010652463383	rgb(239,226,117)	Epiplakin; Cytoskeletal linker protein that connects to intermediate filaments and controls their reorganization in response to stress. In response to mechanical stress like wound healing, is associated with the machinery for cellular motility by slowing down keratinocyte migration and proliferation and accelerating keratin bundling in proliferating keratinocytes thus contributing to tissue architecture. However in wound healing in corneal epithelium also positively regulates cell differentiation and proliferation and negatively regulates migration thereby controlling corneal epitheliu [...] 
ERBB2	9606.ENSP00000269571	0.31953846153846155	0.5029960053262317	rgb(239,233,117)	Receptor tyrosine-protein kinase erbB-2; Protein tyrosine kinase that is part of several cell surface receptor complexes, but that apparently needs a coreceptor for ligand binding. Essential component of a neuregulin-receptor complex, although neuregulins do not interact with it alone. GP30 is a potential ligand for this receptor. Regulates outgrowth and stabilization of peripheral microtubules (MTs). Upon ERBB2 activation, the MEMO1-RHOA-DIAPH1 signaling pathway elicits the phosphorylation and thus the inhibition of GSK3B at cell membrane. This prevents the phosphorylation of APC and  [...] 
F11R	9606.ENSP00000357005	0.7330769230769231	0.6372170439414115	rgb(239,239,117)	Junctional adhesion molecule A; Seems to play a role in epithelial tight junction formation. Appears early in primordial forms of cell junctions and recruits PARD3. The association of the PARD6-PARD3 complex may prevent the interaction of PARD3 with JAM1, thereby preventing tight junction assembly (By similarity). Plays a role in regulating monocyte transmigration involved in integrity of epithelial barrier (By similarity). Ligand for integrin alpha-L/beta-2 involved in memory T- cell and neutrophil transmigration. Involved in platelet activation. (Microbial infection) Acts as a recept [...] 
FBXW9	9606.ENSP00000376945	0.7626153846153847	0.5509320905459388	rgb(232,239,117)	F-box/WD repeat-containing protein 9; Substrate-recognition component of the SCF (SKP1-CUL1-F-box protein)-type E3 ubiquitin ligase complex.
FMO1	9606.ENSP00000346901	0.6296923076923077	0.8001997336884156	rgb(225,239,117)	Dimethylaniline monooxygenase [N-oxide-forming] 1; This protein is involved in the oxidative metabolism of a variety of xenobiotics such as drugs and pesticides. Form I catalyzes the N-oxygenation of secondary and tertiary amines.
GALNT3	9606.ENSP00000376465	0.7626153846153847	0.38794940079893475	rgb(218,239,117)	Polypeptide N-acetylgalactosaminyltransferase 3; Catalyzes the initial reaction in O-linked oligosaccharide biosynthesis, the transfer of an N-acetyl-D-galactosamine residue to a serine or threonine residue on the protein receptor. Has activity toward HIV envelope glycoprotein gp120, EA2, Muc2 and Muc5. Probably glycosylates fibronectin in vivo. Glycosylates FGF23. Plays a central role in phosphate homeostasis.
HKDC1	9606.ENSP00000346643	0.7256923076923077	0.8001997336884156	rgb(211,239,117)	Hexokinase HKDC1; Catalyzes the phosphorylation of hexose to hexose 6- phosphate, although at very low level compared to other hexokinases. Has low glucose phosphorylating activity compared to other hexokinases. Involved in glucose homeostasis and hepatic lipid accumulation. Required to maintain whole-body glucose homeostasis during pregnancy; however additional evidences are required to confirm this role (By similarity).
HMGN3	9606.ENSP00000482613	0.194	0.10992010652463383	rgb(204,239,117)	High mobility group nucleosome-binding domain-containing protein 3; Binds to nucleosomes, regulating chromatin structure and consequently, chromatin-dependent processes such as transcription, DNA replication and DNA repair. Affects both insulin and glucagon levels and modulates the expression of pancreatic genes involved in insulin secretion. Regulates the expression of the glucose transporter SLC2A2 by binding specifically to its promoter region and recruiting PDX1 and additional transcription factors. Regulates the expression of SLC6A9, a glycine transporter which regulates the glyci [...] 
IFT122	9606.ENSP00000296266	0.6333846153846154	0.6599866844207724	rgb(198,239,117)	Intraflagellar transport protein 122 homolog; As a component of the IFT complex A (IFT-A), a complex required for retrograde ciliary transport and entry into cilia of G protein-coupled receptors (GPCRs), it is required in ciliogenesis and ciliary protein trafficking. Involved in cilia formation during neuronal patterning. Acts as a negative regulator of Shh signaling. Required to recruit TULP3 to primary cilia (By similarity).
IFT140	9606.ENSP00000406012	0.5807692307692308	0.5413448735019973	rgb(191,239,117)	Intraflagellar transport protein 140 homolog; Component of the IFT complex A (IFT-A), a complex required for retrograde ciliary transport and entry into cilia of G protein- coupled receptors (GPCRs). Plays a pivotal role in proper development and function of ciliated cells through its role in ciliogenesis and/or cilium maintenance. Required for the development and maintenance of the outer segments of rod and cone photoreceptor cells. Plays a role in maintenance and the delivery of opsin to the outer segment of photoreceptor cells (By similarity).
IFT172	9606.ENSP00000260570	0.5567692307692308	0.37836218375499336	rgb(184,239,117)	Intraflagellar transport protein 172 homolog; Required for the maintenance and formation of cilia. Plays an indirect role in hedgehog (Hh) signaling, cilia being required for all activity of the hedgehog pathway (By similarity); Belongs to the IFT172 family.
IFT46	9606.ENSP00000264020	0.3813846153846154	0.4298934753661784	rgb(177,239,117)	Intraflagellar transport protein 46 homolog; Forms part of a complex involved in intraflagellar transport (IFT), the bi-directional movement of particles required for the assembly, maintenance and functioning of primary cilia. May play a role in chondrocyte maturation and skeletogenesis (By similarity). Belongs to the IFT46 family.
IFT74	9606.ENSP00000404122	0.34907692307692306	0.583288948069241	rgb(157,239,117)	Intraflagellar transport protein 74 homolog; Component of the intraflagellar transport (IFT) complex B: together with IFT81, forms a tubulin-binding module that specifically mediates transport of tubulin within the cilium. Binds beta-tubulin via its basic region. Required for ciliogenesis. Belongs to the IFT74 family.
IFT88	9606.ENSP00000323580	0.4238461538461539	0.5101864181091877	rgb(150,239,117)	Intraflagellar transport protein 88 homolog; Involved in primary cilium biogenesis. Also involved in autophagy since it is required for trafficking of ATG16L and the expansion of the autophagic compartment.
KIAA1671	9606.ENSP00000351207	0.26784615384615384	0.20579227696404795	rgb(143,239,117)	Uncharacterized protein KIAA1671; KIAA1671.
KITLG	9606.ENSP00000495951	0.386	0.10992010652463383	rgb(136,239,117)	Soluble KIT ligand; Ligand for the receptor-type protein-tyrosine kinase KIT. Plays an essential role in the regulation of cell survival and proliferation, hematopoiesis, stem cell maintenance, gametogenesis, mast cell development, migration and function, and in melanogenesis. KITLG/SCF binding can activate several signaling pathways. Promotes phosphorylation of PIK3R1, the regulatory subunit of phosphatidylinositol 3-kinase, and subsequent activation of the kinase AKT1. KITLG/SCF and KIT also transmit signals via GRB2 and activation of RAS, RAF1 and the MAP kinases MAPK1/ERK2 and/or M [...] 
LRRC46	9606.ENSP00000269025	0.45984615384615385	0.7235019973368843	rgb(129,239,117)	Leucine-rich repeat-containing protein 46; Leucine rich repeat containing 46.
MAVS	9606.ENSP00000401980	0.7773846153846155	0.30166444740346204	rgb(122,239,117)	Mitochondrial antiviral-signaling protein; Required for innate immune defense against viruses. Acts downstream of DHX33, DDX58/RIG-I and IFIH1/MDA5, which detect intracellular dsRNA produced during viral replication, to coordinate pathways leading to the activation of NF-kappa-B, IRF3 and IRF7, and to the subsequent induction of antiviral cytokines such as IFN-beta and RANTES (CCL5). Peroxisomal and mitochondrial MAVS act sequentially to create an antiviral cellular state. Upon viral infection, peroxisomal MAVS induces the rapid interferon-independent expression of defense factors that [...] 
MLIP	9606.ENSP00000426290	0.7847692307692309	0.22496671105193078	rgb(117,239,118)	Muscular LMNA interacting protein.
MYLK3	9606.ENSP00000378288	0.6666153846153847	0.8481358189081226	rgb(117,239,125)	Myosin light chain kinase 3; Kinase that phosphorylates MYL2 in vitro. Promotes sarcomere formation in cardiomyocytes and increases cardiomyocyte contractility (By similarity); Belongs to the protein kinase superfamily. CAMK Ser/Thr protein kinase family.
MYORG	9606.ENSP00000297625	0.30476923076923074	0.253728362183755	rgb(117,239,132)	Myogenesis-regulating glycosidase; Putative glycosidase. Promotes myogenesis by activating AKT signaling through the maturation and secretion of IGF2.
OBSL1	9606.ENSP00000385636	0.4376923076923077	0.857723035952064	rgb(117,239,138)	Obscurin-like protein 1; Core component of the 3M complex, a complex required to regulate microtubule dynamics and genome integrity. It is unclear how the 3M complex regulates microtubules, it could act by controlling the level of a microtubule stabilizer. Acts as a regulator of the Cul7-RING(FBXW8) ubiquitin-protein ligase, playing a critical role in the ubiquitin ligase pathway that regulates Golgi morphogenesis and dendrite patterning in brain. Required to localize CUL7 to the Golgi apparatus in neurons.
ODF2	9606.ENSP00000403453	0.7773846153846155	0.5029960053262317	rgb(117,239,145)	Outer dense fiber protein 2; Seems to be a major component of sperm tail outer dense fibers (ODF). ODFs are filamentous structures located on the outside of the axoneme in the midpiece and principal piece of the mammalian sperm tail and may help to maintain the passive elastic structures and elastic recoil of the sperm tail. May have a modulating influence on sperm motility. Functions as a general scaffold protein that is specifically localized at the distal/subdistal appendages of mother centrioles. Component of the centrosome matrix required for the localization of PLK1 and NIN to th [...] 
OSCP1	9606.ENSP00000349052	0.26784615384615384	0.3591877496671105	rgb(117,239,152)	Protein OSCP1; May be involved in drug clearance in the placenta.
PARD3B	9606.ENSP00000385848	0.22353846153846157	0.5221704394141146	rgb(117,239,159)	Partitioning defective 3 homolog B; Putative adapter protein involved in asymmetrical cell division and cell polarization processes. May play a role in the formation of epithelial tight junctions; Belongs to the PAR3 family.
PGM5	9606.ENSP00000379678	0.30476923076923074	0.8481358189081226	rgb(117,239,166)	Phosphoglucomutase-like protein 5; Component of adherens-type cell-cell and cell-matrix junctions. Lacks phosphoglucomutase activity.
PITPNM1	9606.ENSP00000348772	0.26784615384615384	0.8001997336884156	rgb(117,239,173)	Membrane-associated phosphatidylinositol transfer protein 1; Regulates RHOA activity, and plays a role in cytoskeleton remodeling. Necessary for normal completion of cytokinesis. Plays a role in maintaining normal diacylglycerol levels in the Golgi apparatus. Binds phosphatidyl inositol phosphates (in vitro). May catalyze the transfer of phosphatidylinositol and phosphatidylcholine between membranes (By similarity). Necessary for maintaining the normal structure of the endoplasmic reticulum and the Golgi apparatus. Required for protein export from the endoplasmic reticulum and the Golg [...] 
PLEKHA7	9606.ENSP00000435389	0.20876923076923076	0.2633155792276964	rgb(117,239,179)	Pleckstrin homology domain-containing family A member 7; Required for zonula adherens biogenesis and maintenance. Acts via its interaction with CAMSAP3, which anchors microtubules at their minus-ends to zonula adherens, leading to the recruitment of KIFC3 kinesin to the junctional site. Mediates docking of ADAM10 to zonula adherens through a PDZD11- dependent interaction with the ADAM10-binding protein TSPAN33.
PPP1R12B	9606.ENSP00000375821	0.6887692307692308	0.1578561917443409	rgb(117,239,186)	Protein phosphatase 1 regulatory subunit 12B; Regulates myosin phosphatase activity. Augments Ca(2+) sensitivity of the contractile apparatus.
PRMT2	9606.ENSP00000380759	0.3269230769230769	0.1578561917443409	rgb(117,239,193)	Protein arginine N-methyltransferase 2; Arginine methyltransferase that methylates the guanidino nitrogens of arginyl residues in proteins such as STAT3, FBL, histone H4. Acts as a coactivator (with NCOA2) of the androgen receptor (AR)- mediated transactivation. Acts as a coactivator (with estrogen) of estrogen receptor (ER)-mediated transactivation. Enhances PGR, PPARG, RARA-mediated transactivation. May inhibit NF-kappa-B transcription and promote apoptosis. Represses E2F1 transcriptional activity (in a RB1- dependent manner). May be involved in growth regulation.
PROM1	9606.ENSP00000426809	0.7847692307692309	0.7330892143808256	rgb(117,239,200)	Prominin-1; May play a role in cell differentiation, proliferation and apoptosis. Binds cholesterol in cholesterol- containing plasma membrane microdomains and may play a role in the organization of the apical plasma membrane in epithelial cells. During early retinal development acts as a key regulator of disk morphogenesis. Involved in regulation of MAPK and Akt signaling pathways. In neuroblastoma cells suppresses cell differentiation such as neurite outgrowth in a RET-dependent manner.
PTPN3	9606.ENSP00000363667	0.2530769230769231	0.5701065246338216	rgb(117,239,207)	Tyrosine-protein phosphatase non-receptor type 3; May act at junctions between the membrane and the cytoskeleton. Possesses tyrosine phosphatase activity.
RAB36	9606.ENSP00000263116	0.3343076923076923	0.7139147802929429	rgb(117,239,214)	Ras-related protein Rab-36; Protein transport. Probably involved in vesicular traffic (By similarity); Belongs to the small GTPase superfamily. Rab family.
RFX2	9606.ENSP00000306335	0.4967692307692308	0.23455392809587217	rgb(117,239,220)	DNA-binding protein RFX2; Transcription factor that acts as a key regulator of spermatogenesis. Acts by regulating expression of genes required for the haploid phase during spermiogenesis, such as genes required for cilium assembly and function (By similarity). Recognizes and binds the X-box, a regulatory motif with DNA sequence 5'-GTNRCC(0-3N)RGYAAC-3' present on promoters. Probably activates transcription of the testis-specific histone gene HIST1H1T (By similarity).
ROPN1L	9606.ENSP00000421405	0.7847692307692309	0.12909454061251663	rgb(117,239,227)	Ropporin-1-like protein; Important for male fertility. With ROPN1, involved in fibrous sheath integrity and sperm motility, plays a role in PKA-dependent signaling processes required for spermatozoa capacitation.
ROR2	9606.ENSP00000364860	0.7478461538461538	0.6851531291611186	rgb(117,239,234)	Tyrosine-protein kinase transmembrane receptor ROR2; Tyrosine-protein kinase receptor which may be involved in the early formation of the chondrocytes. It seems to be required for cartilage and growth plate development (By similarity). Phosphorylates YWHAB, leading to induction of osteogenesis and bone formation. In contrast, has also been shown to have very little tyrosine kinase activity in vitro. May act as a receptor for wnt ligand WNT5A which may result in the inhibition of WNT3A-mediated signaling.
RRAGD	9606.ENSP00000358423	0.40076923076923077	0.8097869507323568	rgb(117,237,239)	Ras-related GTP-binding protein D; Guanine nucleotide-binding protein forming heterodimeric Rag complexes required for the amino acid-induced relocalization of mTORC1 to the lysosomes and its subsequent activation by the GTPase RHEB. This is a crucial step in the activation of the TOR signaling cascade by amino acids.
RSPH1	9606.ENSP00000291536	0.6887692307692308	0.7522636484687084	rgb(117,231,239)	Radial spoke head 1 homolog; May play an important role in male meiosis (By similarity). It is necessary for proper building of the axonemal central pair and radial spokes.
RSPH4A	9606.ENSP00000229554	0.5706153846153846	0.33042609853528626	rgb(117,224,239)	Radial spoke head protein 4 homolog A; Probable component of the axonemal radial spoke head. Radial spokes are regularly spaced along cilia, sperm and flagella axonemes. They consist of a thin stalk which is attached to a subfiber of the outer doublet microtubule, and a bulbous head which is attached to the stalk and appears to interact with the projections from the central pair of microtubules.
RSPH9	9606.ENSP00000361238	0.5336923076923078	0.8193741677762983	rgb(117,217,239)	Radial spoke head protein 9 homolog; Probable component of the axonemal radial spoke head. Radial spokes are regularly spaced along cilia, sperm and flagella axonemes. They consist of a thin stalk, which is attached to a subfiber of the outer doublet microtubule, and a bulbous head, which is attached to the stalk and appears to interact with the projections from the central pair of microtubules.
SMPD2	9606.ENSP00000258052	0.5558461538461539	0.7043275632490014	rgb(117,210,239)	Sphingomyelin phosphodiesterase 2; Converts sphingomyelin to ceramide. Hydrolyze 1-acyl-2-lyso- sn-glycero-3-phosphocholine (lyso-PC) and 1-O-alkyl-2-lyso-sn-glycero- 3-phosphocholine (lyso-platelet-activating factor). The physiological substrate seems to be Lyso-PAF; Belongs to the neutral sphingomyelinase family.
SOX2	9606.ENSP00000323588	0.5927692307692308	0.23455392809587217	rgb(117,203,239)	Transcription factor SOX-2; Transcription factor that forms a trimeric complex with OCT4 on DNA and controls the expression of a number of genes involved in embryonic development such as YES1, FGF4, UTF1 and ZFP206 (By similarity). Binds to the proximal enhancer region of NANOG (By similarity). Critical for early embryogenesis and for embryonic stem cell pluripotency. Downstream SRRT target that mediates the promotion of neural stem cell self-renewal (By similarity). Keeps neural cells undifferentiated by counteracting the activity of proneural proteins and suppresses neuronal differen [...] 
SPAG1	9606.ENSP00000373450	0.23830769230769233	0.7043275632490014	rgb(117,197,239)	Sperm-associated antigen 1; May play a role in the cytoplasmic assembly of the ciliary dynein arms (By similarity). May play a role in fertilization. Binds GTP and has GTPase activity.
SPAG6	9606.ENSP00000365811	0.2456923076923077	0.3112516644474035	rgb(117,190,239)	Sperm-associated antigen 6; Important for structural integrity of the central apparatus in the sperm tail and for flagellar motility.
SPATA18	9606.ENSP00000295213	0.5927692307692308	0.7522636484687084	rgb(117,183,239)	Mitochondria-eating protein; Key regulator of mitochondrial quality that mediates the repairing or degradation of unhealthy mitochondria in response to mitochondrial damage. Mediator of mitochondrial protein catabolic process (also named MALM) by mediating the degradation of damaged proteins inside mitochondria by promoting the accumulation in the mitochondrial matrix of hydrolases that are characteristic of the lysosomal lumen. Also involved in mitochondrion degradation of damaged mitochondria by promoting the formation of vacuole-like structures (named MIV), which engulf and degrade  [...] 
SPATA33	9606.ENSP00000462996	0.7035384615384616	0.8960719041278296	rgb(117,176,239)	Spermatogenesis-associated protein 33; Spermatogenesis associated 33.
STK33	9606.ENSP00000416750	0.5706153846153846	0.8673102529960054	rgb(117,169,239)	Serine/threonine-protein kinase 33; Serine/threonine protein kinase which phosphorylates VIME. May play a specific role in the dynamic behavior of the intermediate filament cytoskeleton by phosphorylation of VIME (By similarity). Not essential for the survival of KRAS-dependent AML cell lines. Belongs to the protein kinase superfamily. CAMK Ser/Thr protein kinase family. CaMK subfamily.
SYNE1	9606.ENSP00000356224	0.3638461538461538	0.20579227696404795	rgb(117,162,239)	Nesprin-1; Multi-isomeric modular protein which forms a linking network between organelles and the actin cytoskeleton to maintain the subcellular spatial organization. As a component of the LINC (LInker of Nucleoskeleton and Cytoskeleton) complex involved in the connection between the nuclear lamina and the cytoskeleton. The nucleocytoplasmic interactions established by the LINC complex play an important role in the transmission of mechanical forces across the nuclear envelope and in nuclear movement and positioning. May be involved in nucleus- centrosome attachment and nuclear migrati [...] 
SYNPO2	9606.ENSP00000306015	0.3638461538461538	0.7618508655126498	rgb(117,156,239)	Synaptopodin-2; Has an actin-binding and actin-bundling activity. Can induce the formation of F-actin networks in an isoform-specific manner. At the sarcomeric Z lines is proposed to act as adapter protein that links nascent myofibers to the sarcolemma via ZYX and may play a role in early assembly and stabilization of the Z lines. Involved in autophagosome formation. May play a role in chaperone-assisted selective autophagy (CASA) involved in Z lines maintenance in striated muscle under mechanical tension; may link the client-processing CASA chaperone machinery to a membrane- tethering [...] 
TMEM231	9606.ENSP00000258173	0.4690769230769231	0.33042609853528626	rgb(117,149,239)	Transmembrane protein 231; Transmembrane component of the tectonic-like complex, a complex localized at the transition zone of primary cilia and acting as a barrier that prevents diffusion of transmembrane proteins between the cilia and plasma membranes. Required for ciliogenesis and sonic hedgehog/SHH signaling (By similarity).
TMEM47	9606.ENSP00000275954	0.6813846153846155	0.5029960053262317	rgb(117,142,239)	Transmembrane protein 47; Regulates cell junction organization in epithelial cells. May play a role in the transition from adherens junction to tight junction assembly. May regulate F-actin polymerization required for tight junctional localization dynamics and affect the junctional localization of PARD6B. During podocyte differentiation may negatively regulate activity of FYN and subsequently the abundance of nephrin (By similarity); Belongs to the TMEM47 family.
TRAF3IP1	9606.ENSP00000362424	0.5216923076923077	0.49221038615179763	rgb(117,135,239)	TRAF3-interacting protein 1; Plays an inhibitory role on IL13 signaling by binding to IL13RA1. Involved in suppression of IL13-induced STAT6 phosphorylation, transcriptional activity and DNA-binding. Recruits TRAF3 and DISC1 to the microtubules. Involved in kidney development and epithelial morphogenesis. Involved in the regulation of microtubule cytoskeleton organization. Is a negative regulator of microtubule stability, acting through the control of MAP4 levels. Involved in ciliogenesis (By similarity).
TTC26	9606.ENSP00000419279	0.46261538461538465	0.3915446071904128	rgb(170,239,117)	Intraflagellar transport protein 56; Component of the intraflagellar transport (IFT) complex B required for transport of proteins in the motile cilium. Required for transport of specific ciliary cargo proteins related to motility, while it is neither required for IFT complex B assembly or motion nor for cilium assembly. Required for efficient coupling between the accumulation of GLI2 and GLI3 at the ciliary tips and their dissociation from the negative regulator SUFU. Plays a key role in maintaining the integrity of the IFT complex B and the proper ciliary localization of the IFT compl [...] 
TTC30A	9606.ENSP00000347915	0.4718461538461538	0.583288948069241	rgb(163,239,117)	Tetratricopeptide repeat protein 30A; Required for polyglutamylation of axonemal tubulin. Plays a role in anterograde intraflagellar transport (IFT), the process by which cilia precursors are transported from the base of the cilium to the site of their incorporation at the tip; Belongs to the TTC30/dfy-1/fleer family.
TTC8	9606.ENSP00000482306	0.3416923076923077	0.8960719041278296	rgb(117,128,239)	Tetratricopeptide repeat protein 8; The BBSome complex is thought to function as a coat complex required for sorting of specific membrane proteins to the primary cilia. The BBSome complex is required for ciliogenesis but is dispensable for centriolar satellite function. This ciliogenic function is mediated in part by the Rab8 GDP/GTP exchange factor, which localizes to the basal body and contacts the BBSome. Rab8(GTP) enters the primary cilium and promotes extension of the ciliary membrane. Firstly the BBSome associates with the ciliary membrane and binds to RAB3IP/Rabin8, the guanosyl [...] 
UNC119B	9606.ENSP00000344942	0.6887692307692308	0.20579227696404795	rgb(117,121,239)	Protein unc-119 homolog B; Myristoyl-binding protein that acts as a cargo adapter: specifically binds the myristoyl moiety of a subset of N-terminally myristoylated proteins and is required for their localization. Binds myristoylated NPHP3 and plays a key role in localization of NPHP3 to the primary cilium membrane. Does not bind all myristoylated proteins. Probably plays a role in trafficking proteins in photoreceptor cells. Belongs to the PDE6D/unc-119 family.
USP8	9606.ENSP00000379721	0.23092307692307695	0.1578561917443409	rgb(117,117,239)	Ubiquitin carboxyl-terminal hydrolase 8; Hydrolase that can remove conjugated ubiquitin from proteins and therefore plays an important regulatory role at the level of protein turnover by preventing degradation. Converts both 'Lys-48' an 'Lys-63'-linked ubiquitin chains. Catalytic activity is enhanced in the M phase. Involved in cell proliferation. Required to enter into S phase in response to serum stimulation. May regulate T-cell anergy mediated by RNF128 via the formation of a complex containing RNF128 and OTUB1. Probably regulates the stability of STAM2 and RASGRF1. Regulates endoso [...] 
WDR34	9606.ENSP00000361800	0.7293846153846155	0.45865512649800266	rgb(239,212,117)	WD repeat-containing protein 34; Critical for ciliary functions, essential to normal development and survival, most probably as a previously unrecognized component of the mammalian dynein-motor-based intraflagellar transport (IFT) machinery. Acts as a negative regulator of the Toll-like and IL- 1R receptor signaling pathways. Inhibits the MAP3K7-induced NF-kappa-B activation pathway. Inhibits MAP3K7 phosphorylation at 'Thr-184' and 'Thr-187' upon Il-1 beta stimulation.
WDR35	9606.ENSP00000314444	0.5263076923076924	0.6599866844207724	rgb(117,117,239)	WD repeat-containing protein 35; As a component of the IFT complex A (IFT-A), a complex required for retrograde ciliary transport and entry into cilia of G protein-coupled receptors (GPCRs), it is involved in ciliogenesis and ciliary protein trafficking. May promote CASP3 activation and TNF-stimulated apoptosis.
WDR54	9606.ENSP00000006526	0.4303076923076923	0.6276298268974702	rgb(117,117,239)	WD repeat-containing protein 54; When cross-linked to form dimers and trimers, it has a regulatory effect on ERK signaling pathway activity in response to EGF stimulation. Colocalizes with the EGF receptor in WDR54-specific vesicle where it sustains the internalization and controls the degradation of the EGF receptor after EGF stimulation.
ZMYND10	9606.ENSP00000231749	0.4303076923076923	0.6755659121171771	rgb(117,117,239)	Zinc finger MYND domain-containing protein 10; Plays a role in axonemal structure organization and motility. Involved in axonemal pre-assembly of inner and outer dynein arms (IDA and ODA, respectively) for proper axoneme building for cilia motility (By similarity). May act by indirectly regulating transcription of dynein proteins (By similarity). Belongs to the ZMYND10 family.
